1,0x3fab7c384D63266b0D74DaCb40AF72c4cA24af45
2,0x3fab7c384D63266b0D74DaCb40AF72c4cA24af45
3,0x3fab7c384D63266b0D74DaCb40AF72c4cA24af45
4,0x3fab7c384D63266b0D74DaCb40AF72c4cA24af45
5,0x3fab7c384D63266b0D74DaCb40AF72c4cA24af45
6,0x3fab7c384D63266b0D74DaCb40AF72c4cA24af50
6,0x3fab7c384D63266b0D74DaCb40AF72c4cA24af50
7,0x3fab7c384D63266b0D74DaCb40AF72c4cA24af60
8,0x3fab7c384D63266b0D74DaCb40AF72c4cA24af50
9,0x3fab7c384D63266b0D74DaCb40AF72c4cA24af45
10,0x3fab7c384d63266b0d74dacb40af72c4ca24af45
11,0x3fab7c384D63266b0D74DaCb40AF72c4cA24af45
12,0x3fab7c384d63266b0d74dacb40af72c4ca24af45
12,0x3fab7c384d63266b0d74dacb40af72c4ca24af45
99,0x3fab7c384d63266b0d74dacb40af72c4ca24ag99
